Entry_ID	SMILES	Target_RNA_sequence	Molecule_name	Molecule_ID	Target_RNA_name	Target_RNA_ID	pKd
221	C1=NC2=NC=NC(=C2N1)N	GGACAUAUAAUCGCGUGGAUAUGGCACGCAAGUUUCUACCGGGCACCGUAAAUGUCCGAUUAUGUCC	Adenine	Target_lig_165	ADENINE RIBOSWITCH	Target_69	6.39794000867204
222	C1=C2C(=NC(=N1)N)N=CN2	GGACAUAUAAUCGCGUGGAUAUGGCACGCAAGUUUCUACCGGGCACCGUAAAUGUCCGAUUAUGUCC	2-aminopurine	Target_lig_166	ADENINE RIBOSWITCH	Target_69	5.78914663468511
223	C1=C(N=C(N=C1N)N)N	GGACAUAUAAUCGCGUGGAUAUGGCACGCAAGUUUCUACCGGGCACCGUAAAUGUCCGAUUAUGUCC	2,4,6-triaminopyrimidine	Target_lig_167	ADENINE RIBOSWITCH	Target_69	4.69897000433602
224	C1=NC2=NC(=NC(=C2N1)N)N	GGACAUAUAAUCGCGUGGAUAUGGCACGCAAGUUUCUACCGGGCACCGUAAAUGUCCGAUUAUGUCC	2,6- diaminopurine	Target_lig_168	ADENINE RIBOSWITCH	Target_69	7.69897000433602
225	C1=NC(=NC2(C1=NC=N2)N)N	GGACAUAUAAUCGCGUGGAUAUGGCACGCAAGUUUCUACCGGGCACCGUAAAUGUCCGAUUAUGUCC	2,4-diaminopurine	Target_lig_169	ADENINE RIBOSWITCH	Target_69	8.39794000867204
231	CC1=CC2=C(C=C1C)N(C=N2)C3C(C(C(O3)CO)OP(=O)([O-])OC(C)CNC(=O)CCC4(C(C5C6(C(C(C(=N6)C(=C7C(C(C(=N7)C=C8C(C(C(=N8)C(=C4[N-]5)C)CCC(=O)N)(C)C)CCC(=O)N)(C)CC(=O)N)C)CCC(=O)N)(C)CC(=O)N)C)CC(=O)N)C)O.[CH2-]C1C(C(C(O1)N2C=NC3=C(N=CN=C32)N)O)O.[Co+3]	GCCGGUCCUGUGAGUUAAUAGGGAAUCCAGUGCGAAUCUGGAGCUGACGCGCAGCGGUAAGGAAAGGUGCGAUGAUUGCGUUAUGCGGACACUGCCAUUCGGUGGGAAGUCAUCAUCUCUUAGUAUCUUAGAUACCCCUCCAAGCCCGAAGACCUGCCGGCCAACGUCGCAUCUGGUUCUCAUCAUCGCGUAAUAUUGAUGA	deoxy_adenosylcobalamin	Target_lig_173	Riboswitch	Target_70	6.52287874528034
315	C1=NC2=NC=NC(=C2N1)N	GGACAUAUAAUCGCGUGGAUAUGGCACGCAAGUUUCUACCGGGCACCGUAAAUGUCCGACUAUGUCC	Adenine	Target_lig_165	Guanine riboswitch	Target_74	6.32882715728492
316	C1=NC2=C(N1)C(=O)N=CN2	GGACAUAUAAUCGCGUGGAUAUGGCACGCAAGUUUCUACCGGGCACCGUAAAUGUCCGACUAUGUCC	Hypoxanthine	Target_lig_162	Guanine riboswitch	Target_74	7.30102999566398
317	C1=NC2=C(N1)C(=O)NC(=N2)N	GGACAUAUAAUCGCGUGGAUAUGGCACGCAAGUUUCUACCGGGCACCGUAAAUGUCCGACUAUGUCC	GUANINE	Target_lig_248	Guanine riboswitch	Target_74	8.30102999566398
318	C1=NC(=NC2(C1=NC=N2)N)N	GGACAUAUAAUCGCGUGGAUAUGGCACGCAAGUUUCUACCGGGCACCGUAAAUGUCCGACUAUGUCC	2,4-diaminopurine	Target_lig_169	Guanine riboswitch	Target_74	7.76955107862173
319	C1=NC2=C(N1)C(=NC(=N2)N)NO	GGACAUAUAAUCGCGUGGAUAUGGCACGCAAGUUUCUACCGGGCACCGUAAAUGUCCGACUAUGUCC	2-AMINO-N6-HYDROXYADENINE	Target_lig_249	Guanine riboswitch	Target_74	7.69897000433602
320	C1(=C(N=C(NC1=O)N)N)N	GGACAUAUAAUCGCGUGGAUAUGGCACGCAAGUUUCUACCGGGCACCGUAAAUGUCCGACUAUGUCC	2,5,6-TRIAMINO-PYRIMIDINE-4-ONE	Target_lig_250	Guanine riboswitch	Target_74	7
392	C[S+](CCC(C(=O)[O-])N)CC1C(C(C(O1)N2C=NC3=C(N=CN=C32)N)O)O	GGCUUAUCAAGAGAGGUGGAGGGACUGGCCCGAUGAAACCCGGCAACCAGAAAUGGUGCCAAUUCCUGCAGCGGAAACGUUGAAAGAUGAGCCA	S-adenosyl methionine	Target_lig_314	S_Adenosyl_methionine_riboswitch	Target_71	8
398	CC1=C(SC=[N+]1CC2=CN=C(N=C2N)C)CCOP(=O)(O)OP(=O)(O)[O-]	GGACUCGGGGUGCCCUUCUGCGUGAAGGCUGAGAAAUACCCGUAUCACCUGAUCUGGAUAAUGCCAGCGUAGGGAAGUUC	Thiamine_Pyrophosphate(TPP)	Target_lig_318	thiamine_BOX_Riboswitch	Target_72	6.22184874961636
410	C1=NC2=NC=NC(=C2N1)N	GGAAUAAUUGUAUAACCUCAAUAAUAUGGUUUGAGGGUGUCUACCAGGAACCGUAAAAUCCUGAUUACAA	Adenine	Target_lig_165	B_subtilis_pbuE _Adenine riboswitch	Target_73	6.23582386760967
412	CC1=CC2=C(C=C1C)N(C3=NC(=O)NC(=O)C3=N2)CC(C(C(COP(=O)(O)O)O)O)O	GGCGUGUAGGAUAUGCUUCGGCAGAAGGACACGCC	FMN	Target_lig_68	FMN RIBOSWITCH APTAMER	Target_36	8.92081875395238
413	C1=C(C2=C(N1)N=C(NC2=O)N)CN	AGUAGAUGUGCUAGCAAAACAUCUUUAAAAAACUAGACUUGGGGUGCAAGUCCCCUUUUUUAUUGCUUAAAUUU	preQ1 (7-Aminomethyl-7-deazaguanine)	Target_lig_331	PreQ1_riboswitch_Fusobacterium	Target_75	6.54821356447571
414	CC1=C(SC=[N+]1CC2=CN=C(N=C2N)C)CCOP(=O)(O)OP(=O)(O)[O-]	GGUAACCACUAGGGGUGUCCUUCAUAAGGGCUGAGAUAAAAGUGUGACUUUUAGACCCUCAUAACUUGAACAGGUUCAGACCUGCGUAGGGAAGUGGAGC	Thiamine_Pyrophosphate(TPP)	Target_lig_318	TPP RIBOSWITCH APTAMER	Target_37	6.30539480106643
415	C[S+](CCC(C(=O)[O-])N)CC1C(C(C(O1)N2C=NC3=C(N=CN=C32)N)O)O	GGCUUAUCAAGAGAGGUGGAGGGACUGGCCCGAUGAAACCCGGCAACCAGAAAUGGUGCCAAUUCCUGCAGCGGAAACGUUGAAAGAUGAGCCA	SAM	Target_lig_1248	S_Adenosyl_methionine	Target_71	5.86966623150499
416	C(CCN)C[C@@H](C(=O)O)N	GAAGAUAGAGGUGCGAACUUCAAGAGUAUGCCUUUGGAGAAAGAUGGAUUCUGUGAAAAAGGCUGAAAGGGGAGCGUCGCCGAAGCAAAUAAAACCCCAUCGGUAUUAUUUGCUGGCCGUGCAUUGAAUAAAUGUAAGGCUGUCAAGAAAUCAUUUUCUUGGAGGGCUAUCUCGUUGUUCAUAAUCAUUUAUGAUGAUUAAUUGAUAAGCAAUGAGAGUAUUCCUCUCAUUGCUUUUUU	lysine	Target_lig_31	LYSINE RIBOSWITCH APTAMER	Target_38	5.74472749489669
739	CC1=C(SC=[N+]1CC2=CN=C(N=C2N)C)CCOP(=O)(O)OP(=O)(O)[O-]	GGUAACCACUAGGGGUGUCCUUCAUAAGGGCUGAGAUAAAAGUGUGACUUUUAGACCCUCAUAACUUGAACAGGUUCAGACCUGCGUAGGGAAGUGGAGC	Thiamine_Pyrophosphate(TPP)	Target_lig_318	B.subtilis tenA TPP riboswitch	Target_76	7.30102999566398
740	CC1=C(SC=[N+]1CC2=CN=C(N=C2N)C)CCO	GGUAACCACUAGGGGUGUCCUUCAUAAGGGCUGAGAUAAAAGUGUGACUUUUAGACCCUCAUAACUUGAACAGGUUCAGACCUGCGUAGGGAAGUGGAGC	Thiamine_mol	Target_lig_502	B.subtilis tenA TPP riboswitch	Target_76	4.30102999566398
741	CC1=C(C=CC=[N+]1CC2=CN=C(N=C2N)C)CCO.Br.[Br-]	GGUAACCACUAGGGGUGUCCUUCAUAAGGGCUGAGAUAAAAGUGUGACUUUUAGACCCUCAUAACUUGAACAGGUUCAGACCUGCGUAGGGAAGUGGAGC	Pyrithiamine_mol	Target_lig_503	B.subtilis tenA TPP riboswitch	Target_76	5.22184874961636
742	n1c(ncc(c1N)CN1=CC=CC(=C1)CCO[P@@](=O)(O)P(=O)(O)O)C	GGUAACCACUAGGGGUGUCCUUCAUAAGGGCUGAGAUAAAAGUGUGACUUUUAGACCCUCAUAACUUGAACAGGUUCAGACCUGCGUAGGGAAGUGGAGC	Pyrithiamine _Pyrophosphate_der	Target_lig_504	B.subtilis tenA TPP riboswitch	Target_76	6.79588001734408
743	CC1=CC2=C(C=C1C)N(C3=NC(=O)NC(=O)C3=N2)CC(C(C(COP(=O)(O)O)O)O)O	GGAAGGACAAAUGAAUAAAGAUUGUAUCCUUCGGGGCAGGGUGGAAAUCCCGACCGGCGGUAGUAAAGCACAUUUGCUUUAGAGCCCGUGACCCGUGUGCAAUAGCACGCGGUGGAUUCAGUUUAAGCUGAAGCCGACAGUGAAAGUCUGGAUGGGAGAAGGAUG	FMN	Target_lig_68	B.subtilis tenA FMN riboswitch	Target_77	8.30102999566398
744	CC1=CC2=C(C=C1C)N(C3=NC(=O)NC(=O)C3=N2)CC(C(C(CO)O)O)O	GGAAGGACAAAUGAAUAAAGAUUGUAUCCUUCGGGGCAGGGUGGAAAUCCCGACCGGCGGUAGUAAAGCACAUUUGCUUUAGAGCCCGUGACCCGUGUGCAAUAGCACGCGGUGGAUUCAGUUUAAGCUGAAGCCGACAGUGAAAGUCUGGAUGGGAGAAGGAUG	riboflavin	Target_lig_70	B.subtilis tenA FMN riboswitch	Target_77	5.52287874528034
745	CC1=CC2=C(C=C1N(C)C)N(C3=NC(=O)NC(=O)C3=N2)CC(C(C(CO)O)O)O	GGAAGGACAAAUGAAUAAAGAUUGUAUCCUUCGGGGCAGGGUGGAAAUCCCGACCGGCGGUAGUAAAGCACAUUUGCUUUAGAGCCCGUGACCCGUGUGCAAUAGCACGCGGUGGAUUCAGUUUAAGCUGAAGCCGACAGUGAAAGUCUGGAUGGGAGAAGGAUG	Roseoflavin	Target_lig_505	B.subtilis tenA FMN riboswitch	Target_77	7
746	C(CCN=C(N)N)C[C@@H](C(=O)O)N	GAAGAUAGAGGUGCGAACUUCAAGAGUAUGCCUUUGGAGAAAGAUGGAUUCUGUGAAAAAGGCUGAAAGGGGAGCGUCGCCGAAGCAAAUAAAACCCCAUCGGUAUUAUUUGCUGGCCGUGCAUUGAAUAAAUGUAAGGCUGUCAAGAAAUCAUUUUCUUGGAGGGCUAUCUCGUUGUUCAUAAUCAUUUAUGAUGAUUAAUUGAUAAGCAAUGAGAGUAUUCCUCUCAUUGCUUUUUU	L-homoarginine	Target_lig_57	B.subtilis lysine riboswitch	Target_78	5.15490195998574
747	C(CCN)C[C@@H](C(=O)O)N	GAAGAUAGAGGUGCGAACUUCAAGAGUAUGCCUUUGGAGAAAGAUGGAUUCUGUGAAAAAGGCUGAAAGGGGAGCGUCGCCGAAGCAAAUAAAACCCCAUCGGUAUUAUUUGCUGGCCGUGCAUUGAAUAAAUGUAAGGCUGUCAAGAAAUCAUUUUCUUGGAGGGCUAUCUCGUUGUUCAUAAUCAUUUAUGAUGAUUAAUUGAUAAGCAAUGAGAGUAUUCCUCUCAUUGCUUUUUU	lysine	Target_lig_31	B.subtilis lysine riboswitch	Target_78	6.44369749923271
748	C(COC[C@@H](C(=O)O)N)N	GAAGAUAGAGGUGCGAACUUCAAGAGUAUGCCUUUGGAGAAAGAUGGAUUCUGUGAAAAAGGCUGAAAGGGGAGCGUCGCCGAAGCAAAUAAAACCCCAUCGGUAUUAUUUGCUGGCCGUGCAUUGAAUAAAUGUAAGGCUGUCAAGAAAUCAUUUUCUUGGAGGGCUAUCUCGUUGUUCAUAAUCAUUUAUGAUGAUUAAUUGAUAAGCAAUGAGAGUAUUCCUCUCAUUGCUUUUUU	L-4 L_4_Oxalysine	Target_lig_506	B.subtilis lysine riboswitch	Target_78	4.88605664769316
749	CCC1CC1(C(=O)O)N	GAAGAUAGAGGUGCGAACUUCAAGAGUAUGCCUUUGGAGAAAGAUGGAUUCUGUGAAAAAGGCUGAAAGGGGAGCGUCGCCGAAGCAAAUAAAACCCCAUCGGUAUUAUUUGCUGGCCGUGCAUUGAAUAAAUGUAAGGCUGUCAAGAAAUCAUUUUCUUGGAGGGCUAUCUCGUUGUUCAUAAUCAUUUAUGAUGAUUAAUUGAUAAGCAAUGAGAGUAUUCCUCUCAUUGCUUUUUU	AEC	Target_lig_507	B.subtilis lysine riboswitch	Target_78	4.52287874528034
750	C(CS(=O)(=O)C[C@@H](C(=O)[O-])[NH3+])[NH3+]	GAAGAUAGAGGUGCGAACUUCAAGAGUAUGCCUUUGGAGAAAGAUGGAUUCUGUGAAAAAGGCUGAAAGGGGAGCGUCGCCGAAGCAAAUAAAACCCCAUCGGUAUUAUUUGCUGGCCGUGCAUUGAAUAAAUGUAAGGCUGUCAAGAAAUCAUUUUCUUGGAGGGCUAUCUCGUUGUUCAUAAUCAUUUAUGAUGAUUAAUUGAUAAGCAAUGAGAGUAUUCCUCUCAUUGCUUUUUU	L-3-[(2-AMINOETHYL)-SULFONYL]-ALANINE	Target_lig_508	B.subtilis lysine riboswitch	Target_78	5.60205999132796
751	C(/C=C/C[NH3+])C(C(=O)[O-])[NH3+]	GAAGAUAGAGGUGCGAACUUCAAGAGUAUGCCUUUGGAGAAAGAUGGAUUCUGUGAAAAAGGCUGAAAGGGGAGCGUCGCCGAAGCAAAUAAAACCCCAUCGGUAUUAUUUGCUGGCCGUGCAUUGAAUAAAUGUAAGGCUGUCAAGAAAUCAUUUUCUUGGAGGGCUAUCUCGUUGUUCAUAAUCAUUUAUGAUGAUUAAUUGAUAAGCAAUGAGAGUAUUCCUCUCAUUGCUUUUUU	DL-TRANS-2,6-DIAMINO-4-HEXENOIC ACID	Target_lig_509	B.subtilis lysine riboswitch	Target_78	6.01322826573376
1157	CC(CCN1C2=CC(C)=C(C)C=C2N=C2C(=O)[N-]C(=O)N=C12)C1=CC=C(F)C=C1	GGAAGGACAAAUGAAUAAAGAUUGUAUCCUUCGGGGCAGGGUGGAAAUCCCGACCGGCGGUAGUAAAGCACAUUUGCUUUAGAGCCCGUGACCCGUGUGCAAUAGCACGCGGUGGAUUCAGUUUAAGCUGAAGCCGACAGUGAAAGUCUGGAUGGGAGAAGGAUG	5FDQD	Target_lig_662	165 ribD FMN Riboswitch Aptamer, B. subtilis	Target_189	8.1249387366083
1159	CNC1=NC=C(C=N1)CN2CCC[C@@H](C2)C3=NC(=CC(=O)N3)C4=CC=CS4	GGAUCUUCGGGGCAGGGUGAAAUUCCCGACCGGUGGUAUAGUCCACGAAAGUAUUUGCUUUGAUUUGGUGAAAUUCCAAAACCGACAGUAGAGUCUGGAUGAGAGAAGAUUC	Ribocil-B	Target_lig_663	FMN Riboswitch Aptamer, E. Coli	Target_190	8.18045606445813
1160	C1C[C@@H](CN(C1)CC2=CN(C=N2)C3=NC=CC=N3)C4=NC(=CC(=O)N4)C5=CC=CS5	GGAUCUUCGGGGCAGGGUGAAAUUCCCGACCGGUGGUAUAGUCCACGAAAGUAUUUGCUUUGAUUUGGUGAAAUUCCAAAACCGACAGUAGAGUCUGGAUGAGAGAAGAUUC	Ribocil-C	Target_lig_664	FMN Riboswitch Aptamer, E. Coli	Target_190	9
1161	C1C[C@@H](CN(C1)CC2=CN(C=N2)C3=NC=CC=N3)C4=NC(=CC(=O)N4)C5=CC=CS5	UAAUUCUUUCGGGGCAGGGUGAAAUUCCCAACCGGCAGUAAAUAAAGCCUGCGACCUGCUAAUAUGUUUCAUAUUAGUGGCUGAUCUAGUGAGAUUCUAGAGCCGACAGUUAAAGUCUGGAUGGGAGAAAGAAUGUUAAUUAUCGACAAAGAUAAUGUAGCGUAUUUGUAAAAAUGUGUACAAAUAGGCUUAUUUAACGAUAAAUUUUUCUCCUUGCAUCUUAAUUCAUGAUGUGAGGAUU	Ribocil-C	Target_lig_664	FMN Riboswitch Aptamer SA1, S. Aureus	Target_191	7.23657200643706
1162	C1C[C@@H](CN(C1)CC2=CN(C=N2)C3=NC=CC=N3)C4=NC(=CC(=O)N4)C5=CC=CS5	AUUCAUCUUCGGGGUCGGGUGUAAUUCCCAACCGGCAGUAAAUAAAGCCUGCGACCUGCUAGUAUGUAUCAUAUUAGUGGCUGAUCUAGUGAGAUUCUAGAGCCGACAGUAUAGUCUGGAUGGGAGAAGAUGGAGGUUUUUUGUUGUGCAAUAAUCCUCCUAUUCUUACGAGAUGAAUGGAAGGAGAAAAUU	Ribocil-C	Target_lig_664	FMN Riboswitch Aptamer SA2, S. Aureus	Target_192	7.48148606012211
1163	CC1=CC2=C(C=C1N(C)C)N(C3=NC(=O)NC(=O)C3=N2)CC(C(C(CO)O)O)O	GGUACCAGAAGCAGCGCACUCCGGGGUCGGUGAAAGUCCGAACCGGCGGUUACAGUCCGCGACCCGACCGCUUCCAGCGGCCGGUUGACCAGGUGAAAUUCCUGGACCGACGGUUAAAGUCCGGAUGGGAGGCAGUGCGCGCGGCGGGCGG	Roseoflavin	Target_lig_505	FMN Riboswitch, S. Davawensis	Target_193	8
1164	NC1=NC(N)=C2NC=NC2=N1	GGAAUAAUUGUAUAACCUCAAUAAUAUGGUUUGAGGGUGUCUACCAGGAACCGUAAAAUCCUGAUUACAA	2,6-Diaminopurine	Target_lig_1254	PbuE Riboswitch	Target_73	7.60205999132796
1165	CC1=C(C=CC=[N+]1CC2=CN=C(N=C2N)C)CCO.Br.[Br-]	GGUAACCACUAGGGGUGUCCUUCAUAAGGGCUGAGAUAAAAGUGUGACUUUUAGACCCUCAUAACUUGAACAGGUUCAGACCUGCGUAGGGAAGUGGAGC	Pyrithiamine	Target_lig_503	TPP Riboswitch, B. Subtilis	Target_194	5.22184874961636
1166	C1=NC2=C(N1)C(=NC(=N2)N)NO	GGACAUAUAAUCGCGUGGAUAUGGCACGCAAGUUUCUACCGGGCACCGUAAAUGUCCGACUAUGUCC	2-Amino-N6-Hydroxyadenine	Target_lig_665	xpt-pbuX Guanine Riboswitch, B. Subtilis	Target_74	7.69897000433602
1167	NC1=NC(=O)C(N)=C(N)N1	GGACAUAUAAUCGCGUGGAUAUGGCACGCAAGUUUCUACCGGGCACCGUAAAUGUCCGACUAUGUCC	PC1	Target_lig_1255	Guanine Riboswitch	Target_74	7
1168	C[N+]1=C2C(=C3C=CC(=C(C3=C1)OC)OC)C=CC4=CC5=C(C=C42)OCO5	GUAUAUGGUAAACUAUGAAAAAACACGAUUCGGUUGGUAGUCCGGAUGCAUGAUUGAGAAUGUCAGUAACCUUCCCCUCCUCGGGAUGUCCAUCAUUCUUUAAUAUCU	Chelerythrine	Target_lig_666	108 nt yjdF Riboswitch Construct, B. subtilis, Mutant 1	Target_195	8.61978875828839
1169	CC1=[N+](C2=CC=CC=C2C(=C1)N)CCCCCCCCCC[N+]3=C(C=C(C4=CC=CC=C43)N)C	GUAUAUGGUAAACUAUGAAAAAACACGAUUCGGUUGGUAGUCCGGAUGCAUGAUUGAGAAUGUCAGUAACCUUCCCCUCCUCGGGAUGUCCAUCAUUCUUUAAUAUCU	Dequalinium	Target_lig_667	108 nt yjdF Riboswitch Construct, B. subtilis, Mutant 1	Target_195	8
1170	CC1=NC=CC2=C1NC3=CC=CC=C23	GUAUAUGGUAAACUAUGAAAAAACACGAUUCGGUUGGUAGUCCGGAUGCAUGAUUGAGAAUGUCAGUAACCUUCCCCUCCUCGGGAUGUCCAUCAUUCUUUAAUAUCU	Harmane	Target_lig_668	108 nt yjdF Riboswitch Construct, B. subtilis, Mutant 1	Target_195	7
1171	C1=CC(=CC2=NC3=C(C=CC(=C3)N)C=C21)N	GUAUAUGGUAAACUAUGAAAAAACACGAUUCGGUUGGUAGUCCGGAUGCAUGAUUGAGAAUGUCAGUAACCUUCCCCUCCUCGGGAUGUCCAUCAUUCUUUAAUAUCU	Proflavin	Target_lig_336	108 nt yjdF Riboswitch Construct, B. subtilis, Mutant 1	Target_195	8.21467016498923
1172	C[C@@]12[C@@H]([C@@H](C[C@@H](O1)N3C4=CC=CC=C4C5=C6C(=C7C8=CC=CC=C8N2C7=C53)CNC6=O)NC)OC	GUAUAUGGUAAACUAUGAAAAAACACGAUUCGGUUGGUAGUCCGGAUGCAUGAUUGAGAAUGUCAGUAACCUUCCCCUCCUCGGGAUGUCCAUCAUUCUUUAAUAUCU	Staurosporine	Target_lig_669	108 nt yjdF Riboswitch Construct, B. subtilis, Mutant 1	Target_195	7
1279	C1CCC(CC1)NC2=NC3=C(C(=O)N2)NC=N3	GGAUCAUAUAAUCGCGUGGAUAUGGCACGCAAGUUUCUACCGGGCACCGUAAAUGUCCGACUAUGGUC	Guanine Analog 25f	Target_lig_714	C. difficile guaA riboswitch	Target_228	5.18708664335714
1280	[NH3+]CCS(=O)(=O)C[C@H]([NH3+])C([O-])=O	GAAGAUAGAGGUGCGAACUUCAAGAGUAUGCCUUUGGAGAAAGAUGGAUUCUGUGAAAAAGGCUGAAAGGGGAGCGUCGCCGAAGCAAAUAAAACCCCAUCGGUAUUAUUUGCUGGCCGUGCAUUGAAUAAAUAUAAGGCUGUCAAGAAAUCAUUUUCUUGGAGGGCUAUCUCGUUGUUCAUAAUCAUUUAUGAUGAUUAAUUGAUAAGCAAUGAGAGUAUUCCUCUCAUUGCUUUUUU	Lysine Analog 8	Target_lig_1260	lysC riboswitch	Target_229	5.60205999132796
1282	[NH3+]CCS(=O)(=O)C[C@H]([NH3+])C([O-])=O	GAAGAUAGAGGUGCGAACUUCAAGAGUAUGCCUUUGGAGAAAGAUGGAUUCUGUGAAAAAGGCUGAAGGGGAGCGUCGCCGAAGCAAAUAAAACCCCAUCGGUAUUAUUUGCUGGCCGUGCAUUGAAUAAAUGUAAGGCUGUCAAGAAAUCAUUUUCUUGGAGGGCUAUCUCGUUGUUCAUAAUCAUUUAUGAUGAUUAAUUGAUAAGCAAUGAGAGUAUUCCUCUCAUUGCUUUUUU	Lysine Analog 8	Target_lig_1260	lysC riboswitch mutant 1 (M2)	Target_230	4.61978875828839
1283	[NH3+]CCOC[C@H]([NH3+])C([O-])=O	GAAGAUAGAGGUGCGAACUUCAAGAGUAUGCCUUUGGAGAAAGAUGGAUUCUGUGAAAAAGGCUGAAAGGGGAGCGUCGCCGAAGCAAAUAAAACCCCAUCGGUAUUAUUUGCUGGCCGUGCAUUGAAUAAAUAUAAGGCUGUCAAGAAAUCAUUUUCUUGGAGGGCUAUCUCGUUGUUCAUAAUCAUUUAUGAUGAUUAAUUGAUAAGCAAUGAGAGUAUUCCUCUCAUUGCUUUUUU	Lysine Analog 9	Target_lig_1261	lysC riboswitch	Target_229	4.88605664769316
1285	[NH3+]CCOC[C@H]([NH3+])C([O-])=O	GAAGAUAGAGGUGCGAACUUCAAGAGUAUGCCUUUGGAGAAAGAUGGAUUCUGUGAAAAAGGCUGAAGGGGAGCGUCGCCGAAGCAAAUAAAACCCCAUCGGUAUUAUUUGCUGGCCGUGCAUUGAAUAAAUGUAAGGCUGUCAAGAAAUCAUUUUCUUGGAGGGCUAUCUCGUUGUUCAUAAUCAUUUAUGAUGAUUAAUUGAUAAGCAAUGAGAGUAUUCCUCUCAUUGCUUUUUU	Lysine Analog 9	Target_lig_1261	lysC riboswitch mutant 1 (M2)	Target_230	4.1249387366083
1889	C1=NC(=C(N1C2C(C(C(O2)COP(=O)(O)O)O)O)N)C(=O)N	UAUCAGUUAUAUGACUGACGGAACGUGGAAUUAACCACAUGAAGUAUAACGAUGACAAUGCCGACCGUCUGGGCG	AIZA analog 1	Target_lig_1044	Fusibacterium ulcerans ZTP riboswitch	Target_352	6.49485002168009
1890	Ccn1c2ccc(cc2c2c1cccc2)N1CCNCC1	UAUCAGUUAUAUGACUGACGGAACGUGGAAUUAACCACAUGAAGUAUAACGAUGACAAUGCCGACCGUCUGGGCG	AIZA analog 2	Target_lig_1045	Fusibacterium ulcerans ZTP riboswitch	Target_352	4.38721614328026
1891	C1=NC(=C(N1C2C(C(C(O2)CO)O)O)N)C(=O)N	UAUCAGUUAUAUGACUGACGGAACGUGGAAUUAACCACAUGAAGUAUAACGAUGACAAUGCCGACCGUCUGGGCG	AIZA analog 5	Target_lig_1046	Fusibacterium ulcerans ZTP riboswitch	Target_352	5.63827216398241
1892	C1=CN=CC=C1N2C=NC(=C2N)C(=O)N	UAUCAGUUAUAUGACUGACGGAACGUGGAAUUAACCACAUGAAGUAUAACGAUGACAAUGCCGACCGUCUGGGCG	AIZA analog 7	Target_lig_1047	Fusibacterium ulcerans ZTP riboswitch	Target_352	5.85387196432176
1893	C1CNCCC1N2C=NC(=C2N)C(=O)N	UAUCAGUUAUAUGACUGACGGAACGUGGAAUUAACCACAUGAAGUAUAACGAUGACAAUGCCGACCGUCUGGGCG	AIZA analog 8	Target_lig_1048	Fusibacterium ulcerans ZTP riboswitch	Target_352	5.06048074738138
1894	C1=NC(=C(N1CCO)N)C(=O)N	UAUCAGUUAUAUGACUGACGGAACGUGGAAUUAACCACAUGAAGUAUAACGAUGACAAUGCCGACCGUCUGGGCG	AIZA analog 10	Target_lig_1049	Fusibacterium ulcerans ZTP riboswitch	Target_352	3.82390874094432
1895	NC(=O)c1ncn(c1N)c1ccccn1	UAUCAGUUAUAUGACUGACGGAACGUGGAAUUAACCACAUGAAGUAUAACGAUGACAAUGCCGACCGUCUGGGCG	AIZA analog 12	Target_lig_1050	Fusibacterium ulcerans ZTP riboswitch	Target_352	5.2518119729938
1896	C1=CC(=CN=C1)N2C=NC(=C2N)C(=O)N	UAUCAGUUAUAUGACUGACGGAACGUGGAAUUAACCACAUGAAGUAUAACGAUGACAAUGCCGACCGUCUGGGCG	AIZA analog 13	Target_lig_1051	Fusibacterium ulcerans ZTP riboswitch	Target_352	6.22184874961636
2044	C1(=C(N=C(N=C1N)N)N)N	GGACAUAUAAUCGCGUGGAUAUGGCACGCAAGUUUCUACCGGGCACCGUAAAUGUCCGAUUAUGUCC	2,4,5,6-tetraaminopyrimidine	Target_lig_1121	ADENINE RIBOSWITCH	Target_69	4.69897000433602
2045	C1=CN=C(N=C1N)N	GGACAUAUAAUCGCGUGGAUAUGGCACGCAAGUUUCUACCGGGCACCGUAAAUGUCCGAUUAUGUCC	2,4-diaminopyrimidine	Target_lig_1122	ADENINE RIBOSWITCH	Target_69	3
2046	Nc1nc(N)nc(n1)N	GGACAUAUAAUCGCGUGGAUAUGGCACGCAAGUUUCUACCGGGCACCGUAAAUGUCCGAUUAUGUCC	2,4,6-triamino-1,3,5-triazine	Target_lig_1123	ADENINE RIBOSWITCH	Target_69	4.69897000433602
2136	C[S+](CCC(C(=O)[O-])N)CC1C(C(C(O1)N2C=NC3=C(N=CN=C32)N)O)O	GGUACAAUCUAAAAACUUAUCAAGAGCGGCUGAGGGACUGGACCUAUGAAGCCCGGCAACCUGCAUAGUUUGUAAGGUGCUACUUCCAGCAAAAUGAAUUCCAUUUUGAAAGAUAAGGGCUGCAUGCUGUUCCUGUCUUUCUUUCCGCCGAUUGAAAGUUUUUU	S-adenosyl methionine	Target_lig_314	B.subtilis cysH	Target_405	6
2137	C1=NC(=C2C(=N1)N(C=N2)C3C(C(C(O3)CSCCC(C(=O)O)N)O)O)N	GGUACAAUCUAAAAACUUAUCAAGAGCGGCUGAGGGACUGGACCUAUGAAGCCCGGCAACCUGCAUAGUUUGUAAGGUGCUACUUCCAGCAAAAUGAAUUCCAUUUUGAAAGAUAAGGGCUGCAUGCUGUUCCUGUCUUUCUUUCCGCCGAUUGAAAGUUUUUU	SAH	Target_lig_1153	B.subtilis cysH	Target_405	3.09691001300806
2138	C1=NC(=C2C(=N1)N(C=N2)C3C(C(C(O3)CSCC(C(=O)O)N)O)O)N	GGUACAAUCUAAAAACUUAUCAAGAGCGGCUGAGGGACUGGACCUAUGAAGCCCGGCAACCUGCAUAGUUUGUAAGGUGCUACUUCCAGCAAAAUGAAUUCCAUUUUGAAAGAUAAGGGCUGCAUGCUGUUCCUGUCUUUCUUUCCGCCGAUUGAAAGUUUUUU	SAC	Target_lig_1154	B.subtilis cysH	Target_405	3
2139	C[S+](CCC(C(=O)[O-])N)CC1C(C(C(O1)N2C=NC3=C(N=CN=C32)N)O)O	GGAGCUUAUCAAGAGAAGCGGAGGGAACUGGCCCGGCGAAGCUCGGCAACCUGCUUAUAGAAAGCAAGGUGCUAAAUCCAGCAAAAUGGAUUCCAUUUUGAAAGAUAAGGUAAAAUAUAUUACCGAACAGUCUUUUCGAAAUGGGAAAGAUUUUUUUUAU	S-adenosyl methionine	Target_lig_314	B.anthracis cysH	Target_406	8
2140	C1=NC(=C2C(=N1)N(C=N2)C3C(C(C(O3)CSCCC(C(=O)O)N)O)O)N	GGAGCUUAUCAAGAGAAGCGGAGGGAACUGGCCCGGCGAAGCUCGGCAACCUGCUUAUAGAAAGCAAGGUGCUAAAUCCAGCAAAAUGGAUUCCAUUUUGAAAGAUAAGGUAAAAUAUAUUACCGAACAGUCUUUUCGAAAUGGGAAAGAUUUUUUUUAU	SAH	Target_lig_1153	B.anthracis cysH	Target_406	5.52287874528034
2141	C1=NC(=C2C(=N1)N(C=N2)C3C(C(C(O3)CSCC(C(=O)O)N)O)O)N	GGAGCUUAUCAAGAGAAGCGGAGGGAACUGGCCCGGCGAAGCUCGGCAACCUGCUUAUAGAAAGCAAGGUGCUAAAUCCAGCAAAAUGGAUUCCAUUUUGAAAGAUAAGGUAAAAUAUAUUACCGAACAGUCUUUUCGAAAUGGGAAAGAUUUUUUUUAU	SAC	Target_lig_1154	B.anthracis cysH	Target_406	3
2259	CC1(C2CC3C(C(=O)C(=C(C3(C(=O)C2=C(C4=C1C=CC=C4O)O)O)O)C(=O)N)N(C)C)O	GGGCCUAGAACAUACCAGAUCGCCACCCGCGCUUUAAUCUGGAGAGGUGAAGAAUACGACCACCUAGGCUC	tetracyclin	Target_lig_74	Tetracycline riboswitch A08G mutant	Target_412	8.97881070093006
2260	CC1(C2CC3C(C(=O)C(=C(C3(C(=O)C2=C(C4=C1C=CC=C4O)O)O)O)C(=O)N)N(C)C)O	GGGCCUAAGACAUACCAGAUCGCCACCCGCGCUUUAAUCUGGAGAGGUGAAGAAUACGACCACCUAGGCUC	tetracyclin	Target_lig_74	Tetracycline riboswitch A09G mutant	Target_413	6.79048498545737
2261	CC1(C2CC3C(C(=O)C(=C(C3(C(=O)C2=C(C4=C1C=CC=C4O)O)O)O)C(=O)N)N(C)C)O	GGGCCUAAAACAUUCCAGAUCGCCACCCGCGCUUUAAUCUGGAGAGGUGAAGAAUACGACCACCUAGGCUC	tetracyclin	Target_lig_74	Tetracycline riboswitch A13U mutant	Target_414	6.65364702554936
2262	CC1(C2CC3C(C(=O)C(=C(C3(C(=O)C2=C(C4=C1C=CC=C4O)O)O)O)C(=O)N)N(C)C)O	GGGCCUAAAACAUACCAGAUCGCCACCCGCGCUUUAAUCUGGAGAGGUGAUGAAUACGACCACCUAGGCUC	tetracyclin	Target_lig_74	Tetracycline riboswitch A50U mutant	Target_415	6.70774392864352
2263	CC1(C2CC3C(C(=O)C(=C(C3(C(=O)C2=C(C4=C1C=CC=C4O)O)O)O)C(=O)N)N(C)C)O	GGGCCUAAAACAUACCAGAUCGCCACCCGCGCUUUAAUCUGGAGAGGUGAAUAAUACGACCACCUAGGCUC	tetracyclin	Target_lig_74	Tetracycline riboswitch G51U mutant	Target_416	8.53313237964589
2264	CC1(C2CC3C(C(=O)C(=C(C3(C(=O)C2=C(C4=C1C=CC=C4O)O)O)O)C(=O)N)N(C)C)O	GGGCCUAAAACAUACCAGAUCGCCACCCGCGCUUUAAUCUGGAGAGGUGAAGAAGACGACCACCUAGGCUC	tetracyclin	Target_lig_74	Tetracycline riboswitch U54G mutant	Target_417	8.58004425151024
2265	CC1(C2CC3C(C(=O)C(=C(C3(C(=O)C2=C(C4=C1C=CC=C4O)O)O)O)C(=O)N)N(C)C)O	GGGCCUAAAACAUACCAGAUCGCCACCCGCGCUUUAAUCUGGAGAGGUGAAGAAUGCGACCACCUAGGCUC	tetracyclin	Target_lig_74	Tetracycline riboswitch A55G mutant	Target_418	8.77211329538633
2266	CN(C1C(=O)C(=C(C2(C1CC1C(=C(O)c3c(C1(C)O)c(Cl)ccc3O)C2=O)O)O)C(=O)N)C	GGGCCUAAAACAUACCAGAUCGCCACCCGCGCUUUAAUCUGGAGAGGUGAAGAAUACGACCACCUAGGCUC	cltc	Target_lig_1164	Tetracycline riboswitch	Target_411	9.24184537803261
2267	NC(=O)C1=C(O)C2(C(CC1=O)CC1C(=C(O)c3c(C1(C)O)cccc3O)C2=O)O	GGGCCUAAAACAUACCAGAUCGCCACCCGCGCUUUAAUCUGGAGAGGUGAAGAAUACGACCACCUAGGCUC	cmt1	Target_lig_1165	Tetracycline riboswitch	Target_411	8.70553377383841
2268	NC(=O)C1=C(O)C2(C(C(C1=O)O)CC1C(=C(O)c3c(C1(C)O)cccc3O)C2=O)O	GGGCCUAAAACAUACCAGAUCGCCACCCGCGCUUUAAUCUGGAGAGGUGAAGAAUACGACCACCUAGGCUC	cmt6	Target_lig_1166	Tetracycline riboswitch	Target_411	8.55752023093555
2269	NNC1=C2C(=O)C3(O)C(CC2C(c2c1c(O)ccc2)(C)O)CC(=O)C(=C3O)C(=O)N	GGGCCUAAAACAUACCAGAUCGCCACCCGCGCUUUAAUCUGGAGAGGUGAAGAAUACGACCACCUAGGCUC	cmt5	Target_lig_1167	Tetracycline riboswitch	Target_411	9.00436480540245
2270	N#CC1=C(O)C2(C(C(C1=O)N(C)C)CC1C(=C(O)c3c(C1(C)O)cccc3O)C2=O)O	GGGCCUAAAACAUACCAGAUCGCCACCCGCGCUUUAAUCUGGAGAGGUGAAGAAUACGACCACCUAGGCUC	cmt2	Target_lig_1168	Tetracycline riboswitch	Target_411	8.00877392430751
2271	CN(C1C(=O)C(=C(C2(C1C(O)C1C(=C(O)c3c(C1(C)O)cccc3O)C2=O)O)O)C(=O)N)C	GGGCCUAAAACAUACCAGAUCGCCACCCGCGCUUUAAUCUGGAGAGGUGAAGAAUACGACCACCUAGGCUC	otc	Target_lig_1169	Tetracycline riboswitch	Target_411	8.74957999769111
2272	C[C@H]1[C@H]([C@H](C[C@@H](O1)O[C@H]2C[C@@](CC3=C2C(=C4C(=C3O)C(=O)C5=C(C4=O)C(=CC=C5)OC)O)(C(=O)CO)O)N)O	GGGCCUAAAACAUACCAGAUCGCCACCCGCGCUUUAAUCUGGAGAGGUGAAGAAUACGACCACCUAGGCUC	dox	Target_lig_496	Tetracycline riboswitch	Target_411	6.92811799269388
2273	NC(=O)C1=C(O)C2(C(CC1=O)C(O)C1C(=C(O)c3c(C1C)cccc3O)C2=O)O	GGGCCUAAAACAUACCAGAUCGCCACCCGCGCUUUAAUCUGGAGAGGUGAAGAAUACGACCACCUAGGCUC	cmt8	Target_lig_1171	Tetracycline riboswitch	Target_411	6.26201267366657
2274	C[N+]1=C2C(=C3C=CC4=C(C3=C1)OCO4)C=CC5=CC6=C(C=C52)OCO6	GGGCCUAAAACAUACCAGAUCGCCACCCGCGCUUUAAUCUGGAGAGGUGAAGAAUACGACCACCUAGGCUC	san	Target_lig_18	Tetracycline riboswitch	Target_411	7.65364702554936
2275	CN(C1C(=O)C(=C(C2(C1CC1C(C)c3cccc(c3C(=C1C2=O)O)O)O)O)C(=O)N)C	GGGCCUAAAACAUACCAGAUCGCCACCCGCGCUUUAAUCUGGAGAGGUGAAGAAUACGACCACCUAGGCUC	atc	Target_lig_1173	Tetracycline riboswitch	Target_411	8.45593195564972
2276	CN(C1C(=O)C(=C(C2(C1C(O)C1C(=C(O)c3c(C1(C)O)cccc3O)C2=O)O)O)C(=O)N)C	GGGCCUAAGACAUACCAGAUCGCCACCCGCGCUUUAAUCUGGAGAGGUGAAGAAUACGACCACCUAGGCUC	otc	Target_lig_1169	Tetracycline riboswitch A09G mutant	Target_413	6.35163998901907
2277	N#CC1=C(O)C2(C(C(C1=O)N(C)C)CC1C(=C(O)c3c(C1(C)O)cccc3O)C2=O)O	GGGCCUAAGACAUACCAGAUCGCCACCCGCGCUUUAAUCUGGAGAGGUGAAGAAUACGACCACCUAGGCUC	cmt2	Target_lig_1168	Tetracycline riboswitch A09G mutant	Target_413	5.57839607313017
2278	C[C@H]1[C@H]([C@H](C[C@@H](O1)O[C@H]2C[C@@](CC3=C2C(=C4C(=C3O)C(=O)C5=C(C4=O)C(=CC=C5)OC)O)(C(=O)CO)O)N)O	GGGCCUAAGACAUACCAGAUCGCCACCCGCGCUUUAAUCUGGAGAGGUGAAGAAUACGACCACCUAGGCUC	dox	Target_lig_496	Tetracycline riboswitch A09G mutant	Target_413	4.75202673363819
2279	CN(C1C(=O)C(=C(C2(C1C(O)C1C(=C(O)c3c(C1(C)O)cccc3O)C2=O)O)O)C(=O)N)C	GGGCCUAAAACAUUCCAGAUCGCCACCCGCGCUUUAAUCUGGAGAGGUGAAGAAUACGACCACCUAGGCUC	otc	Target_lig_1169	Tetracycline riboswitch A13U mutant	Target_414	6.27408836770495
2280	N#CC1=C(O)C2(C(C(C1=O)N(C)C)CC1C(=C(O)c3c(C1(C)O)cccc3O)C2=O)O	GGGCCUAAAACAUUCCAGAUCGCCACCCGCGCUUUAAUCUGGAGAGGUGAAGAAUACGACCACCUAGGCUC	cmt2	Target_lig_1168	Tetracycline riboswitch A13U mutant	Target_414	5.76955107862173
2281	C[C@H]1[C@H]([C@H](C[C@@H](O1)O[C@H]2C[C@@](CC3=C2C(=C4C(=C3O)C(=O)C5=C(C4=O)C(=CC=C5)OC)O)(C(=O)CO)O)N)O	GGGCCUAAAACAUUCCAGAUCGCCACCCGCGCUUUAAUCUGGAGAGGUGAAGAAUACGACCACCUAGGCUC	dox	Target_lig_496	Tetracycline riboswitch A13U mutant	Target_414	5.61618463401957
2282	CN(C1C(=O)C(=C(C2(C1C(O)C1C(=C(O)c3c(C1(C)O)cccc3O)C2=O)O)O)C(=O)N)C	GGGCCUAAAACAUACCAGAUCGCCACCCGCGCUUUAAUCUGGAGAGGUGAUGAAUACGACCACCUAGGCUC	otc	Target_lig_1169	Tetracycline riboswitch A50U mutant	Target_415	6.22184874961636
2283	N#CC1=C(O)C2(C(C(C1=O)N(C)C)CC1C(=C(O)c3c(C1(C)O)cccc3O)C2=O)O	GGGCCUAAAACAUACCAGAUCGCCACCCGCGCUUUAAUCUGGAGAGGUGAUGAAUACGACCACCUAGGCUC	cmt2	Target_lig_1168	Tetracycline riboswitch A50U mutant	Target_415	5.59006687666871
2284	C[C@H]1[C@H]([C@H](C[C@@H](O1)O[C@H]2C[C@@](CC3=C2C(=C4C(=C3O)C(=O)C5=C(C4=O)C(=CC=C5)OC)O)(C(=O)CO)O)N)O	GGGCCUAAAACAUACCAGAUCGCCACCCGCGCUUUAAUCUGGAGAGGUGAUGAAUACGACCACCUAGGCUC	dox	Target_lig_496	Tetracycline riboswitch A50U mutant	Target_415	4.97881070093006
2320	CNC1=NC=C(C=N1)CN2CCC[C@@H](C2)C3=NC(=CC(=O)N3)C4=CC=CS4	GGCGUGUAGGAUAUGCUUCGGCAGAAGGACACGCC	Ribocil	Target_lig_663	FMN RIBOSWITCH APTAMER	Target_36	7.79588001734408
2321	CNc1ncc(cn1)CN1CCC[C@H](C1)c1nc(O)cc(n1)c1cccs1	GGCGUGUAGGAUAUGCUUCGGCAGAAGGACACGCC	Ribocil-A	Target_lig_1187	FMN RIBOSWITCH APTAMER	Target_36	5
2322	CNC1=NC=C(C=N1)CN2CCC[C@@H](C2)C3=NC(=CC(=O)N3)C4=CC=CS4	GGCGUGUAGGAUAUGCUUCGGCAGAAGGACACGCC	Ribocil-B	Target_lig_663	FMN RIBOSWITCH APTAMER	Target_36	8.18045606445813
2323	C1C[C@@H](CN(C1)CC2=CN(C=N2)C3=NC=CC=N3)C4=NC(=CC(=O)N4)C5=CC=CS5	GGCGUGUAGGAUAUGCUUCGGCAGAAGGACACGCC	Ribocil-C	Target_lig_664	FMN RIBOSWITCH APTAMER	Target_36	9
